{
  "models": [
    {
      "modelId": 1001,
      "name": "Mllm",
      "version": "2.0.0",
      "soPath": "/usr/lib64/libModelRouteService.so",
      "soType": 1,
      "initParams": {}
    },
    {
      "modelId": 2001,
      "name": "FaceID",
      "version": "2.0.0",
      "soPath": "/usr/lib64/libfaceid_proxy.so",
      "soType": 2,
      "initParams": {}
    },
    {
      "modelId": 2002,
      "name": "Oms",
      "version": "2.0.0",
      "soPath": "/usr/lib64/liboms_proxy.so",
      "soType": 3,
      "initParams": {}
    }
  ]
}